bitsongvaloper1rg53d06r0k0h7w7mvacmapzsjahkp5rd35a5ff,40864
bitsongvaloper1zugs5wtmt98949msgwchawr5cal7h32s8na0r9,40612
bitsongvaloper1um889kzz9gyxlwtrgs6mc9sdwwx8z2kekudytd,39235
bitsongvaloper1x2slrjfmgxq7qx3xwmsjue73t5ynmwy7jgpdtr,40288
bitsongvaloper16976fek2lpt6nnuj3r00ldw7lvhavvqt0mkxjy,33675
bitsongvaloper1gqmqvy2pnuca3gjldsna49t8vmf88lf9azp4gy,36337
bitsongvaloper1c5p4sqgz5jslpywsk5c0nasqqjfucv9lvjlnry,41500
bitsongvaloper138zp40g5pnjg4e7a24j5035q2f7nzwfec8ruee,47713
bitsongvaloper14rvn7anf22e00vj5x3al4w50ns78s7n42rc0ge,48546
bitsongvaloper1dlrrtjg4gf6y3l03fkj7jsefu5dhldsmt39tzg,20466
bitsongvaloper1mceksy7l3xenuyx4dzl64erf3fh29a3r2ercnz,22983
bitsongvaloper12xtuwyt599dv57y7v007qpp230ph3utkssnx7n,24872
bitsongvaloper1knmj6ve4p4e2rl3wpj0rk9dswacr2swn75sc7a,15808
bitsongvaloper1fgmzy5rtvvnxzy0vn54mz9k5xndzt2afepyye3,20817
bitsongvaloper1yvwl7h6eek0j35ekeyz38a0wyfd4anrrgvnlez,36542
bitsongvaloper1wqcqfm499f84cjnppqu03jrkqtwqsndpw9qxc5,25429
bitsongvaloper16wgum78qxca2vrk3s45lu0cc52pj82hjs3h04z,21776
bitsongvaloper1mx3gct8chrssamkdfw8fkrdl93knllryalmxpm,28347
bitsongvaloper1pkepjd307346zadmlxpvs9wqrghkx735v0ehge,27370
bitsongvaloper1cqg5qc5zce7rkga8cwdyk6g55jnsweyrt3lw7v,19537
bitsongvaloper1qyc9ccfx7clj0kswgjz6cdf5f4n6v4nyeudy8q,19987
bitsongvaloper1wusnupm08xwe05zgvk6frqjuxak6q5ang5jppk,25934
bitsongvaloper19qtzdsu57hf5jmcyy5t2uuh0y45q4ah7hrwk4n,50554
bitsongvaloper1d9mue6sxrxgcd8rz6cdmeamw4cey3c243ll3gj,22651
bitsongvaloper10uv3t6yru5dryz2yy9em2pzmqezyhsp0gkkxd2,37459
bitsongvaloper14yxgr6tpsta2lnuxtrqd4ajqnqdgcffnvzer4n,25591
bitsongvaloper1up87cpxu86wv30k4d2g8tzhhqcka3n5mhmuf4f,28077
bitsongvaloper1gktsym0w2xvutpqe8a9tvs6c4qrts8wnt8nnfp,27647
bitsongvaloper13q3m6kndt0z0pla56mefde6uepacas7sdj8pru,24585
bitsongvaloper17dpklyxlrn9kypkd3khy9t98v8qddnghllnt7x,25724
bitsongvaloper1wcvhw2ts80ywk3avd9ad8qmrwaeqwmkpg2shxz,31929
bitsongvaloper1sqw7f6vcs9wg9h9j0t05e592sg6y8eldcdq3vd,25603
bitsongvaloper1wtf99e8l5k2yxxc0rj6xwxj7mfam9hfnjqznja,21540